ticker,book,timeframe,detected_date,fill_date,signal_type,pattern,grade,planned_entry,next_open_entry,entry_gap_pct,stop_loss,actual_stop_pct,target1,target2,target3,target1_r,status,targets_hit,remaining_position,current_price,realized_pnl_usd,unrealized_pnl_usd,total_pnl_usd,stopped
ARVN,weekly,1wk,2026-06-14,2026-06-15,BUY,SHARK,C-,6.97,7.659999847412109,9.8996,6.06,20.8877,10.3,14.11,20.69,1.65,OPEN,0,1.0,8.449999809265137,0.0,103.13,103.13,False
GOSS,weekly,1wk,2026-06-14,2026-06-15,BUY,5-0,C-,0.14,13.600000381469727,9614.286,0.12,99.1176,0.47,1.11,1.37,0.974,CLOSED,3,0.0,10.729999542236328,0.0,0,0.0,False
OCS,weekly,1wk,2026-06-14,2026-06-15,BUY,5-0,C-,10.52,11.5,9.3156,9.67,15.913,18.16,21.93,30.68,3.6393,OPEN,0,1.0,10.5600004196167,0.0,-81.74,-81.74,False
ONC,weekly,1wk,2026-06-14,2026-06-15,BUY,SHARK,C-,253.95,265.07000732421875,4.3788,215.86,18.5649,359.83,431.8,518.16,1.9256,OPEN,1,0.8,346.510009765625,71.5,245.79,317.29,False
REAX,weekly,1wk,2026-06-14,2026-06-15,BUY,BAT,C-,1.55,16.5,964.5161,1.37,91.697,2.23,2.83,3.6,0.9432,CLOSED,3,0.0,20.280000686645508,0.0,0,0.0,False
USGO,weekly,1wk,2026-06-14,2026-06-15,BUY,GARTLEY,C-,7.55,8.40999984741211,11.3907,6.42,23.6623,10.66,13.63,17.61,1.1307,OPEN,0,1.0,8.15999984741211,0.0,-29.73,-29.73,False
NAVN,weekly,1wk,2026-06-14,2026-06-15,SELL,5-0,C-,24.5,20.0,-18.3673,28.17,40.85,11.76,8.11,6.48,1.0086,CLOSED,0,0.0,21.020000457763672,-408.5,0,-408.5,True
OPTX,weekly,1wk,2026-06-14,2026-06-15,SELL,GARTLEY,C-,14.92,13.779999732971191,-7.6408,17.16,24.5283,6.39,5.03,3.65,2.1864,OPEN,1,0.8,7.099999904632568,107.26,387.81,495.07,False
ELTX,weekly,1wk,2026-06-21,2026-06-22,BUY,5-0,C-,2.66,3.950000047683716,48.4962,2.26,42.7848,4.74,5.82,7.5,0.4675,CLOSED,1,0.0,2.049999952316284,-302.28,0,-302.28,True
ICCM,weekly,1wk,2026-06-21,2026-06-22,BUY,BUTTERFLY,C+,2.12,7.059999942779541,233.0189,1.8,74.5042,20.7,26.2,35.25,2.5932,OPEN,0,1.0,2.2100000381469727,0.0,-686.97,-686.97,False
NMRA,weekly,1wk,2026-06-21,2026-06-22,BUY,BUTTERFLY,C-,0.83,1.409999966621399,69.8795,0.71,49.6454,1.34,1.83,2.56,0.1,OPEN,2,0.5,1.0399999618530273,89.36,-131.21,-41.84,False
SPRO,weekly,1wk,2026-06-21,2026-06-22,BUY,SHARK,C-,1.95,2.2750000953674316,16.6667,1.66,27.033,2.92,3.51,4.21,1.0488,CLOSED,0,0.0,1.1299999952316284,-270.33,0,-270.33,True
COLM,weekly,1wk,2026-06-21,2026-06-22,SELL,BAT,B,69.06,66.54000091552734,-3.649,79.42,19.3568,58.26,23.37,16.27,0.6429,OPEN,1,0.8,56.91999816894531,24.89,115.66,140.55,False
GLPI,daily,1d,2026-06-22,2026-06-23,BUY,SHARK,C-,44.12,44.599998474121094,1.0879,37.5,15.9193,77.21,132.36,220.6,4.593,OPEN,0,1.0,40.2400016784668,0.0,-97.76,-97.76,False
INDA,daily,1d,2026-06-22,2026-06-23,SELL,SHARK,C-,50.02,49.060001373291016,-1.9192,54.65,11.3942,43.74,32.7,20.16,0.9517,OPEN,0,1.0,48.56999969482422,0.0,9.99,9.99,False
ARCC,daily,1d,2026-06-23,2026-06-24,BUY,SHARK,C-,17.72,17.899999618530273,1.0158,15.06,15.8659,31.01,53.16,88.6,4.6162,OPEN,0,1.0,19.739999771118164,0.0,102.79,102.79,False
PRCT,daily,1d,2026-06-23,2026-06-24,BUY,5-0,C-,19.92,21.520000457763672,8.0321,16.93,21.329,29.39,35.95,43.65,1.7146,CLOSED,0,0.0,20.3799991607666,-213.29,0,-213.29,True
TIP,daily,1d,2026-06-23,2026-06-24,BUY,GARTLEY,A-,108.88,109.12000274658203,0.2204,92.55,15.1851,190.54,326.64,544.4,4.9137,OPEN,0,1.0,105.83999633789062,0.0,-30.06,-30.06,False
OCUL,daily,1d,2026-06-23,2026-06-24,SELL,GARTLEY,A-,10.62,10.170000076293945,-4.2373,11.49,12.9794,8.76,6.96,5.14,1.0682,CLOSED,1,0.0,10.489999771118164,-76.11,0,-76.11,True
BKR,daily,1d,2026-06-24,2026-06-25,BUY,BAT,B-,55.56,56.0,0.7919,47.23,15.6607,83.4,100.08,120.09,3.1243,OPEN,0,1.0,59.060001373291016,0.0,54.64,54.64,False
CG,daily,1d,2026-06-24,2026-06-25,BUY,BUTTERFLY,A-,40.47,41.630001068115234,2.8663,34.4,17.3673,60.65,72.78,87.34,2.6307,OPEN,0,1.0,42.34000015258789,0.0,17.05,17.05,False
CLNE,daily,1d,2026-06-24,2026-06-25,BUY,GARTLEY,C-,1.66,1.7000000476837158,2.4096,1.41,17.0588,2.56,3.09,4.01,2.9655,OPEN,0,1.0,1.6299999952316284,0.0,-41.18,-41.18,False
SI=F,daily,1d,2026-06-24,2026-06-25,BUY,5-0,C-,57.25,58.3849983215332,1.9825,48.66,16.6567,83.65,119.25,143.1,2.5979,OPEN,0,1.0,65.18800354003906,0.0,116.52,116.52,False
HG=F,daily,1d,2026-06-24,2026-06-25,BUY,BUTTERFLY,C+,5.93,6.038000106811523,1.8212,5.04,16.5287,10.37,17.79,29.64,4.3407,OPEN,0,1.0,6.547999858856201,0.0,84.47,84.47,False
BCAR,daily,1d,2026-06-25,2026-07-17,BUY,GARTLEY,C-,10.35,10.350000381469727,0.0,8.8,14.9758,18.11,31.05,51.75,5.0065,CLOSED,0,0.0,3.809999942779541,-149.76,0,-149.76,True
BWMN,daily,1d,2026-06-25,2026-06-26,BUY,GARTLEY,C-,28.23,29.139999389648438,3.2235,24.0,17.639,42.08,50.49,60.59,2.5175,OPEN,1,0.8,42.41999816894531,90.67,364.58,455.25,False
CD,daily,1d,2026-06-25,2026-06-26,BUY,BAT,C-,4.25,4.409999847412109,3.7647,3.61,18.1406,6.18,7.65,9.9,2.2125,CLOSED,0,0.0,2.940000057220459,-181.41,0,-181.41,True
MLCO,daily,1d,2026-06-25,2026-06-26,BUY,BAT,C-,5.07,5.230000019073486,3.1558,4.31,17.5908,7.43,9.02,11.0,2.3913,OPEN,0,1.0,5.050000190734863,0.0,-34.42,-34.42,False
PPTA,daily,1d,2026-06-25,2026-06-26,BUY,BUTTERFLY,B+,20.37,21.25,4.3201,17.31,18.5412,29.94,37.37,44.84,2.2056,CLOSED,0,0.0,23.6299991607666,-185.41,0,-185.41,True
QUIK,daily,1d,2026-06-25,2026-06-26,BUY,SHARK,C-,17.15,17.549999237060547,2.3324,14.58,16.9231,24.8,64.61,86.34,2.4411,CLOSED,0,0.0,10.819999694824219,-169.23,0,-169.23,True
RUM,daily,1d,2026-06-25,2026-06-26,BUY,GARTLEY,C+,5.83,6.099999904632568,4.6312,5.04,17.377,8.61,10.55,13.47,2.3679,OPEN,2,0.5,7.170000076293945,301.15,87.7,388.85,False
VSTM,daily,1d,2026-06-25,2026-06-26,BUY,BAT,C-,3.43,3.5,2.0408,2.92,16.5714,4.89,6.71,8.74,2.3966,OPEN,2,0.5,7.320000171661377,354.57,545.71,900.29,False
Z,daily,1d,2026-06-25,2026-06-26,BUY,5-0,C-,29.23,29.420000076293945,0.65,24.85,15.5337,45.19,55.49,71.3,3.4508,OPEN,0,1.0,32.5,0.0,104.69,104.69,False
ZG,daily,1d,2026-06-25,2026-06-26,BUY,5-0,C-,29.03,29.18000030517578,0.5167,24.68,15.4215,42.0,50.83,64.56,2.8489,OPEN,0,1.0,33.22999954223633,0.0,138.79,138.79,False
MNPR,daily,1d,2026-06-25,2026-06-26,SELL,SHARK,C-,94.83,87.63999938964844,-7.582,104.5,19.2378,79.17,57.75,38.47,0.5024,CLOSED,0,0.0,110.26000213623047,-192.38,0,-192.38,True
AAOI,daily,1d,2026-06-26,2026-06-29,BUY,BUTTERFLY,B-,127.01,135.42599487304688,6.6262,107.96,20.2812,194.44,233.67,280.4,2.1486,CLOSED,0,0.0,105.36000061035156,-202.81,0,-202.81,True
APC,daily,1d,2026-06-26,2026-06-29,BUY,GARTLEY,C-,17.89,18.43000030517578,3.0184,15.21,17.4715,31.31,53.67,89.45,4.0,OPEN,0,1.0,18.920000076293945,0.0,26.59,26.59,False
EGAN,daily,1d,2026-06-26,2026-06-29,BUY,BAT,C-,6.09,6.519999980926514,7.0608,5.18,20.5521,9.01,11.0,14.21,1.8582,CLOSED,0,0.0,5.260000228881836,-205.52,0,-205.52,True
FANG,daily,1d,2026-06-26,2026-06-29,BUY,GARTLEY,C-,179.35,180.25999450683594,0.5074,152.45,15.4277,313.87,538.06,896.77,4.8044,OPEN,0,1.0,204.97000122070312,0.0,137.08,137.08,False
GASS,daily,1d,2026-06-26,2026-06-29,BUY,BUTTERFLY,C+,7.96,8.239999771118164,3.5176,6.77,17.8398,11.74,14.19,17.31,2.381,OPEN,0,1.0,9.420000076293945,0.0,143.2,143.2,False
IPX,daily,1d,2026-06-26,2026-06-29,BUY,SHARK,C-,25.3,26.700000762939453,5.5336,21.5,19.4757,38.13,49.57,61.17,2.1981,CLOSED,0,0.0,18.670000076293945,-194.76,0,-194.76,True
POET,daily,1d,2026-06-26,2026-06-29,BUY,GARTLEY,C+,9.3,9.579999923706055,3.0108,7.91,17.4321,13.32,16.53,20.91,2.2395,CLOSED,0,0.0,7.949999809265137,-174.32,0,-174.32,True
PSNY,daily,1d,2026-06-26,2026-06-29,BUY,GARTLEY,C-,16.93,17.309999465942383,2.2445,14.39,16.8689,24.39,33.11,42.88,2.4247,CLOSED,0,0.0,7.840000152587891,-168.69,0,-168.69,True
RR,daily,1d,2026-06-26,2026-06-29,BUY,GARTLEY,B,1.81,1.9950000047683716,10.221,1.54,22.807,2.61,3.46,4.16,1.3516,CLOSED,0,0.0,1.649999976158142,-228.07,0,-228.07,True
SHIP,daily,1d,2026-06-26,2026-06-29,BUY,SHARK,C-,14.01,14.0,-0.0714,11.91,14.9286,25.05,30.06,36.07,5.2871,OPEN,0,1.0,18.40999984741211,0.0,315.0,315.0,False
TSAT,daily,1d,2026-06-26,2026-06-29,BUY,5-0,C-,40.8,43.619998931884766,6.9118,34.68,20.4952,61.49,79.9,95.88,1.9989,CLOSED,0,0.0,49.75,-204.95,0,-204.95,True
TYGO,daily,1d,2026-06-26,2026-06-29,BUY,DEEP CRAB,C-,2.23,2.25,0.8969,1.97,12.4444,3.79,5.28,21.63,5.5,CLOSED,0,0.0,1.0199999809265137,-124.44,0,-124.44,True
WRD,daily,1d,2026-06-26,2026-06-29,BUY,BUTTERFLY,C+,5.18,5.579999923706055,7.722,4.4,21.147,8.12,10.09,12.26,2.1525,OPEN,0,1.0,5.75,0.0,30.47,30.47,False
USO,daily,1d,2026-06-26,2026-06-29,BUY,5-0,C-,104.07,106.6500015258789,2.4791,88.46,17.0558,151.32,236.23,283.48,2.4557,OPEN,1,0.8,154.89999389648438,90.26,361.93,452.19,False
BZ=F,daily,1d,2026-06-26,2026-06-29,BUY,BUTTERFLY,C-,71.4,73.16999816894531,2.479,60.69,17.0562,109.17,131.0,157.2,2.8846,OPEN,1,0.8,104.61000061035156,98.4,343.75,442.15,False
CDZI,weekly,1wk,2026-06-28,2026-06-29,BUY,DEEP CRAB,C-,3.55,3.7200000286102295,4.7887,3.02,18.8172,5.34,6.49,8.7,2.3143,CLOSED,0,0.0,3.6500000953674316,-188.17,0,-188.17,True
INTU,weekly,1wk,2026-06-28,2026-06-29,BUY,5-0,C-,252.84,274.04998779296875,8.3887,214.91,21.58,430.61,570.17,687.81,2.6473,OPEN,0,1.0,321.57000732421875,0.0,173.4,173.4,False
ISBA,weekly,1wk,2026-06-28,2026-06-29,BUY,GARTLEY,A-,38.78,40.2400016784668,3.7648,33.24,17.3956,55.23,66.28,79.53,2.1414,OPEN,0,1.0,39.36000061035156,0.0,-21.87,-21.87,False
ATLC,weekly,1wk,2026-06-28,2026-06-29,SELL,BUTTERFLY,C-,112.6,108.8499984741211,-3.3304,129.49,18.9619,55.3,42.11,32.86,2.5945,OPEN,0,1.0,94.45999908447266,0.0,132.2,132.2,False
BIOA,weekly,1wk,2026-06-28,2026-06-29,SELL,5-0,C-,24.93,23.849000930786133,-4.3361,28.67,20.2147,15.11,11.87,5.04,1.8127,OPEN,2,0.5,8.489999771118164,316.13,322.01,638.14,False
CNOB,weekly,1wk,2026-06-28,2026-06-29,SELL,BAT,C-,33.66,33.290000915527344,-1.0992,37.0,11.1445,27.63,21.43,15.82,1.5256,OPEN,0,1.0,31.799999237060547,0.0,44.76,44.76,False
CVBF,weekly,1wk,2026-06-28,2026-06-29,SELL,GARTLEY,C-,22.57,22.350000381469727,-0.9747,24.44,9.3512,18.73,14.41,11.08,1.7321,OPEN,0,1.0,22.440000534057617,0.0,-4.03,-4.03,False
DAVE,weekly,1wk,2026-06-28,2026-06-29,SELL,CRAB,C-,353.02,354.4599914550781,0.4079,395.2,11.4935,224.81,164.0,77.37,3.1824,CLOSED,0,0.0,350.7099914550781,-114.94,0,-114.94,True
JTAI,daily,1d,2026-07-14,2026-07-15,BUY,BUTTERFLY,C,0.33,4.980000019073486,1409.0909,0.28,94.3775,0.57,0.68,0.89,0.9383,CLOSED,3,0.0,1.25,0.0,0,0.0,False
SWKS,daily,1d,2026-07-15,2026-07-16,BUY,BAT,C+,55.43,56.65999984741211,2.219,47.12,16.8373,83.21,103.02,139.41,2.783,OPEN,1,0.8,88.3499984741211,93.72,447.44,541.16,False
FWONA,daily,1d,2026-07-15,2026-07-16,SELL,SHARK,C-,94.06,91.75,-2.4559,108.17,17.8965,79.74,28.46,22.58,0.7314,OPEN,0,1.0,87.02999877929688,0.0,51.44,51.44,False
QNST,daily,1d,2026-07-15,2026-07-16,SELL,BAT,C-,18.02,17.549999237060547,-2.6082,19.46,10.8832,15.43,11.34,8.34,1.1099,CLOSED,1,0.0,18.3799991607666,-71.11,0,-71.11,True
FEIM,daily,1d,2026-07-16,2026-07-17,BUY,SHARK,C-,49.22,55.40999984741211,12.5762,41.84,24.4902,74.01,88.81,106.57,1.3707,OPEN,2,0.5,88.37999725341797,247.97,297.51,545.48,False
SFM,daily,1d,2026-07-16,2026-07-17,BUY,GARTLEY,C-,72.19,74.94000244140625,3.8094,61.36,18.1212,114.25,140.07,168.08,2.8947,OPEN,0,1.0,72.76000213623047,0.0,-29.09,-29.09,False
IOVA,daily,1d,2026-07-16,2026-07-17,SELL,GARTLEY,C,5.13,4.539999961853027,-11.501,5.63,24.0088,4.32,3.33,2.45,0.2018,CLOSED,0,0.0,8.600000381469727,-240.09,0,-240.09,True
MTCH,daily,1d,2026-07-16,2026-07-17,SELL,5-0,C-,41.03,39.720001220703125,-3.1928,47.18,18.7815,34.22,10.87,8.08,0.7373,OPEN,0,1.0,42.38999938964844,0.0,-67.22,-67.22,False
ADEA,daily,1d,2026-07-17,2026-07-20,BUY,5-0,C-,24.37,25.760000228881836,5.7037,20.71,19.604,42.65,73.11,121.85,3.3446,OPEN,0,1.0,26.709999084472656,0.0,36.88,36.88,False
ALMU,daily,1d,2026-07-17,2026-07-20,BUY,GARTLEY,C-,14.15,15.210000038146973,7.4912,12.03,20.9073,21.1,25.38,31.79,1.8522,OPEN,0,1.0,13.40999984741211,0.0,-118.34,-118.34,False
ANAB,daily,1d,2026-07-17,2026-07-20,BUY,SHARK,C-,53.17,58.40999984741211,9.8552,45.19,22.6331,93.05,159.51,265.85,2.6203,OPEN,0,1.0,53.869998931884766,0.0,-77.73,-77.73,False
APLD,daily,1d,2026-07-17,2026-07-20,BUY,SHARK,C-,24.03,27.30500030517578,13.6288,20.43,25.1785,34.11,43.26,51.91,0.9898,OPEN,0,1.0,26.420000076293945,0.0,-32.41,-32.41,False
ASPI,daily,1d,2026-07-17,2026-07-20,BUY,BUTTERFLY,C+,3.61,3.930000066757202,8.8643,3.07,21.883,5.45,6.91,8.32,1.7674,OPEN,0,1.0,3.309999942779541,0.0,-157.76,-157.76,False
AUGO,daily,1d,2026-07-17,2026-07-20,BUY,BUTTERFLY,C,48.05,49.95000076293945,3.9542,40.84,18.2382,74.34,92.89,111.47,2.6773,OPEN,1,0.8,87.08000183105469,98.06,594.67,692.73,False
AVR,daily,1d,2026-07-17,2026-07-20,BUY,5-0,C-,8.07,8.529999732971191,5.7001,6.86,19.578,14.12,24.21,40.35,3.3473,OPEN,0,1.0,8.350000381469727,0.0,-21.1,-21.1,False
BEAM,daily,1d,2026-07-17,2026-07-20,BUY,5-0,C-,27.1,27.75,2.3985,23.04,16.973,40.69,50.41,63.77,2.7473,OPEN,0,1.0,23.989999771118164,0.0,-135.5,-135.5,False
CENX,daily,1d,2026-07-17,2026-07-20,BUY,5-0,C-,40.76,41.68000030517578,2.2571,34.65,16.8666,62.9,75.48,90.58,3.0185,OPEN,0,1.0,44.04999923706055,0.0,56.86,56.86,False
FLNC,daily,1d,2026-07-17,2026-07-20,BUY,BAT,C,13.23,14.432000160217285,9.0854,11.25,22.0482,19.01,23.08,29.78,1.4387,CLOSED,0,0.0,9.930000305175781,-220.48,0,-220.48,True
GILT,daily,1d,2026-07-17,2026-07-20,BUY,BUTTERFLY,C-,10.91,11.34000015258789,3.9413,9.27,18.254,15.31,20.3,24.37,1.9179,OPEN,0,1.0,9.890000343322754,0.0,-127.87,-127.87,False
INOD,daily,1d,2026-07-17,2026-07-20,BUY,DEEP CRAB,C-,58.0,61.29999923706055,5.6897,49.3,19.5759,91.81,114.3,137.16,2.5425,OPEN,0,1.0,53.209999084472656,0.0,-131.97,-131.97,False
INV,daily,1d,2026-07-17,2026-07-20,BUY,BAT,C-,3.35,3.440000057220459,2.6866,3.0,12.7907,4.82,5.79,7.16,3.1364,CLOSED,0,0.0,0.9359999895095825,-127.91,0,-127.91,True
LTBR,daily,1d,2026-07-17,2026-07-20,BUY,DEEP CRAB,C-,6.92,7.300000190734863,5.4913,5.88,19.4521,10.43,12.83,15.43,2.2042,OPEN,0,1.0,7.019999980926514,0.0,-38.36,-38.36,False
NNE,daily,1d,2026-07-17,2026-07-20,BUY,BUTTERFLY,C,15.44,16.18000030517578,4.7927,13.12,18.9122,22.8,27.5,35.22,2.1634,OPEN,0,1.0,16.40999984741211,0.0,14.22,14.22,False
NVTS,daily,1d,2026-07-17,2026-07-20,BUY,BAT,C-,10.74,11.649999618530273,8.473,9.25,20.6009,15.14,19.67,23.96,1.4542,OPEN,0,1.0,11.630000114440918,0.0,-1.72,-1.72,False
ORBS,daily,1d,2026-07-17,2026-07-20,BUY,BUTTERFLY,C,0.57,0.5820000171661377,2.1053,0.49,15.8076,0.88,1.11,1.37,3.2391,OPEN,2,0.5,0.9729999899864197,374.57,335.91,710.48,False
PLPC,daily,1d,2026-07-17,2026-07-20,BUY,5-0,C-,314.58,332.3500061035156,5.6488,267.39,19.5457,550.51,943.74,1572.9,3.3584,OPEN,0,1.0,423.5400085449219,0.0,274.38,274.38,False
PLXS,daily,1d,2026-07-17,2026-07-20,BUY,5-0,C-,238.11,253.25,6.3584,202.39,20.0829,416.69,714.33,1190.55,3.2135,OPEN,0,1.0,255.33999633789062,0.0,8.25,8.25,False
PSIX,daily,1d,2026-07-17,2026-07-20,BUY,GARTLEY,C-,29.56,30.450000762939453,3.0108,25.13,17.4713,43.92,56.68,68.33,2.532,OPEN,1,0.8,42.11000061035156,88.47,306.34,394.81,False
SLNH,daily,1d,2026-07-17,2026-07-20,BUY,GARTLEY,C-,1.03,1.190000057220459,15.534,0.91,23.5294,1.55,1.88,2.33,1.2857,OPEN,0,1.0,1.190000057220459,0.0,0.0,0.0,False
STRL,daily,1d,2026-07-17,2026-07-20,BUY,BUTTERFLY,B,593.62,650.1099853515625,9.5162,504.58,22.3854,910.52,1092.62,1311.15,1.7894,CLOSED,0,0.0,511.0400085449219,-223.85,0,-223.85,True
TMC,daily,1d,2026-07-17,2026-07-20,BUY,5-0,C-,3.57,3.7799999713897705,5.8824,3.03,19.8413,5.31,6.68,8.09,2.04,OPEN,1,0.8,3.934999942779541,80.95,32.8,113.76,False
WATT,daily,1d,2026-07-17,2026-07-20,BUY,DEEP CRAB,C-,14.23,15.1899995803833,6.7463,12.1,20.3423,20.48,26.42,32.38,1.712,CLOSED,0,0.0,11.329999923706055,-203.42,0,-203.42,True
ROBO,daily,1d,2026-07-17,2026-07-20,BUY,BUTTERFLY,B+,76.64,78.23999786376953,2.0877,65.14,16.7434,134.12,229.92,383.2,4.2656,OPEN,0,1.0,79.11000061035156,0.0,11.12,11.12,False
REMX,daily,1d,2026-07-20,2026-07-21,BUY,BUTTERFLY,C-,69.49,71.08999633789062,2.3025,59.07,16.9081,107.94,129.53,155.44,3.0657,OPEN,0,1.0,70.55999755859375,0.0,-7.46,-7.46,False
CZWI,daily,1d,2026-07-27,2026-07-28,BUY,BAT,C-,20.52,21.219999313354492,3.4113,17.44,17.8134,35.91,61.56,102.6,3.8862,OPEN,0,1.0,21.8799991607666,0.0,31.1,31.1,False
QS,daily,1d,2026-07-28,2026-07-29,BUY,DEEP CRAB,C-,4.77,5.119999885559082,7.3375,4.05,20.8984,7.08,9.59,11.66,1.8318,OPEN,0,1.0,5.28000020980835,0.0,31.25,31.25,False
LAES,daily,1d,2026-07-29,2026-07-30,BUY,BAT,B-,2.22,2.299999952316284,3.6036,1.89,17.8261,3.39,4.38,5.29,2.6585,OPEN,0,1.0,2.380000114440918,0.0,34.78,34.78,False
ACDC,daily,1d,2026-07-29,2026-07-30,BUY,SHARK,C-,3.55,3.630000114440918,2.2535,3.02,16.8044,5.13,6.35,7.69,2.459,OPEN,1,0.8,5.210000038146973,82.64,348.21,430.85,False
ALM,daily,1d,2026-07-29,2026-07-30,BUY,BUTTERFLY,C-,10.74,11.34000015258789,5.5866,9.13,19.4885,15.1,19.64,24.14,1.7014,OPEN,1,0.8,15.489999771118164,66.31,292.77,359.08,False
CRDO,daily,1d,2026-07-29,2026-07-30,BUY,BUTTERFLY,C-,177.0,187.13499450683594,5.726,150.45,19.6035,280.09,336.1,403.32,2.5339,OPEN,1,0.8,162.9499969482422,99.35,-103.39,-4.05,False
DUOT,daily,1d,2026-07-29,2026-07-30,BUY,BAT,C-,7.46,7.599999904632568,1.8767,6.34,16.5789,11.3,15.28,18.34,2.9365,OPEN,1,0.8,8.260000228881836,103.29,69.47,172.76,False
FDMT,daily,1d,2026-07-29,2026-07-30,BUY,GARTLEY,C-,9.39,9.789999961853027,4.2599,8.0,18.284,13.7,17.12,21.38,2.1844,OPEN,1,0.8,13.170000076293945,79.88,276.2,356.08,False
HLIT,daily,1d,2026-07-29,2026-07-30,BUY,BUTTERFLY,C-,10.45,11.010000228881836,5.3589,8.88,19.3461,15.49,28.45,35.66,2.1033,OPEN,0,1.0,12.0,0.0,89.92,89.92,False
INVZ,daily,1d,2026-07-29,2026-07-30,BUY,DEEP CRAB,C-,0.38,0.4230000078678131,11.3158,0.32,24.3499,0.66,0.86,1.07,2.301,CLOSED,0,0.0,0.31200000643730164,-243.5,0,-243.5,True
KRNT,daily,1d,2026-07-29,2026-07-30,BUY,BAT,B,14.36,14.869999885559082,3.5515,12.21,17.8884,21.95,29.13,37.46,2.6617,OPEN,0,1.0,16.049999237060547,0.0,79.35,79.35,False
NOVT,daily,1d,2026-07-29,2026-07-30,BUY,BUTTERFLY,B-,135.9,140.9499969482422,3.716,115.52,18.0419,237.83,407.7,679.5,3.8097,OPEN,0,1.0,146.55999755859375,0.0,39.8,39.8,False
QQQX,daily,1d,2026-07-29,2026-07-30,BUY,SHARK,C-,28.72,29.100000381469727,1.3231,24.41,16.1168,50.26,86.16,143.6,4.5117,OPEN,0,1.0,30.3700008392334,0.0,43.64,43.64,False
SHAZ,daily,1d,2026-07-29,2026-07-30,BUY,BUTTERFLY,B-,39.13,45.45000076293945,16.1513,33.26,26.8207,60.25,75.84,97.48,1.2141,OPEN,2,0.5,59.40999984741211,272.45,153.58,426.03,False
SYNA,daily,1d,2026-07-29,2026-07-30,BUY,BUTTERFLY,C-,103.51,108.23999786376953,4.5696,87.98,18.7177,181.14,310.53,517.55,3.5982,OPEN,0,1.0,101.02999877929688,0.0,-66.61,-66.61,False
TSSI,daily,1d,2026-07-29,2026-07-30,BUY,BUTTERFLY,C-,8.66,9.020000457763672,4.157,7.36,18.4036,12.67,15.44,19.38,2.1988,OPEN,1,0.8,8.930000305175781,80.93,-7.98,72.95,False
USAU,daily,1d,2026-07-29,2026-07-30,BUY,DEEP CRAB,C-,12.23,13.09000015258789,7.0319,10.4,20.55,17.93,23.08,32.1,1.7993,OPEN,0,1.0,15.199999809265137,0.0,161.19,161.19,False
PBW,daily,1d,2026-07-29,2026-07-30,BUY,DEEP CRAB,C-,29.82,30.799999237060547,3.2864,25.35,17.6948,45.71,55.55,74.3,2.7358,OPEN,0,1.0,31.100000381469727,0.0,9.74,9.74,False
NG=F,daily,1d,2026-07-29,2026-07-30,BUY,SHARK,C-,2.62,2.7320001125335693,4.2748,2.23,18.3748,3.93,4.8,5.77,2.3865,OPEN,0,1.0,2.8310000896453857,0.0,36.24,36.24,False
SSNC,daily,1d,2026-07-29,2026-07-30,SELL,DEEP CRAB,C-,80.0,77.08000183105469,-3.65,88.79,15.192,66.54,48.88,32.56,0.9001,OPEN,0,1.0,80.2699966430664,0.0,-41.39,-41.39,False
CMPR,daily,1d,2026-07-30,2026-07-31,BUY,BAT,C-,82.0,94.69999694824219,15.4878,69.7,26.3992,122.19,167.7,201.24,1.0996,OPEN,0,1.0,84.7699966430664,0.0,-104.86,-104.86,False
QSI,daily,1d,2026-07-30,2026-07-31,BUY,BUTTERFLY,C-,0.69,0.7300000190734863,5.7971,0.61,16.4384,1.01,1.29,1.56,2.3333,OPEN,0,1.0,0.7400000095367432,0.0,13.7,13.7,False
SND,daily,1d,2026-07-30,2026-07-31,BUY,GARTLEY,C-,4.06,4.159999847412109,2.4631,3.65,12.2596,5.79,7.44,9.43,3.1961,OPEN,0,1.0,5.210000038146973,0.0,252.4,252.4,False
WBTN,daily,1d,2026-07-30,2026-07-31,BUY,BAT,C-,8.81,9.130000114440918,3.6322,7.49,17.9628,13.08,17.41,21.16,2.4085,OPEN,0,1.0,10.779999732971191,0.0,180.72,180.72,False
WETO,daily,1d,2026-07-30,2026-07-31,BUY,BUTTERFLY,C-,0.03,10.399999618530273,34566.6654,0.02,99.8077,0.53,0.7,0.86,0.9509,CLOSED,3,0.0,2.440000057220459,0.0,0,0.0,False
AXSM,daily,1d,2026-07-31,2026-08-03,BUY,BAT,C-,217.64,215.5,-0.9833,184.99,14.1578,380.87,652.92,1088.2,5.4202,OPEN,0,1.0,220.75,0.0,24.36,24.36,False
REFI,daily,1d,2026-07-31,2026-08-03,BUY,DEEP CRAB,C-,9.69,9.859999656677246,1.7544,8.24,16.43,14.59,19.61,23.53,2.9198,OPEN,0,1.0,10.729999542236328,0.0,88.24,88.24,False
SUPN,daily,1d,2026-07-31,2026-08-03,BUY,GARTLEY,B+,44.35,50.45000076293945,13.7542,37.7,25.2725,77.61,133.05,221.75,2.1302,OPEN,0,1.0,41.63999938964844,0.0,-174.63,-174.63,False
SEVN,daily,1d,2026-09-10,2026-09-11,BUY,BUTTERFLY,B-,7.31,7.400000095367432,1.2312,6.21,16.0811,10.78,12.98,17.15,2.8403,OPEN,0,1.0,7.409999847412109,0.0,1.35,1.35,False
XNDU,daily,1d,2026-09-11,,BUY,BUTTERFLY,B+,8.6,,,7.31,,12.65,19.42,35.08,,PENDING,0,0,,0,0,0,False
