ticker,first_report,pattern,direction,grade,entry,stop,t1,t2,t3,rr,outcome,r,mfe,mae,fill_date,fill_price,chase,t1_hit,t2_hit,t3_hit,stop_hit,multiple,n_appearances,subsequent_reports,reason,sector,etf_trend,confirmed,spy_regime,vs_local_trend,days_to_t1,days_to_stop
AAOI,2026-06-27,BUTTERFLY,LONG,B-,127.01,107.96,194.44,233.67,280.4,6.41,FULL_LOSS,-1.006,0.644,1.098,2026-07-02,127.01,False,False,False,False,True,NO,1,,SL 2026-07-15,Technology,,,BEAR,COUNTER,,8
ALGM,2026-06-27,BUTTERFLY,SHORT,C-,61.67,70.93,44.91,35.71,27.61,3.05,FULL_LOSS,-1.008,0.472,1.091,2026-06-29,61.67,False,False,False,False,True,NO,1,,SL 2026-06-30,Technology,,,BEAR,COUNTER,,1
APC,2026-06-27,GARTLEY,LONG,C-,17.89,15.21,31.31,53.67,89.45,18.33,NO_VALID_ENTRY,,,,,,False,False,False,False,False,NO,1,,Not filled in 7 sessions,Energy,,,BEAR,WITH,,
ARCC,2026-06-27,SHARK,LONG,C-,17.72,15.06,31.01,53.16,88.6,18.33,NO_VALID_ENTRY,,,,,,False,False,False,False,False,NO,1,,Not filled in 7 sessions,Financial Services,,,BEAR,WITH,,
BCAR,2026-06-27,GARTLEY,LONG,C-,10.35,8.8,18.11,31.05,51.75,18.33,FULL_LOSS,-1.006,0.013,1.832,2026-07-17,10.350000381469727,True,False,False,False,True,YES,2,2026-07-21,SL 2026-07-27,Financial Services,,,BEAR,,,6
BKR,2026-06-27,BAT,LONG,B-,55.56,47.23,83.4,100.08,120.09,6.14,OPEN,0.325,1.112,0.436,2026-06-29,56.15999984741211,True,False,False,False,False,NO,1,,OPEN mark 59.06,Energy,,,BEAR,COUNTER,,
BWMN,2026-06-27,GARTLEY,LONG,C-,28.23,24.0,42.08,50.49,60.59,6.05,PARTIAL_WIN,2.854,3.02,0.775,2026-07-06,28.760000228881836,True,True,False,False,False,NO,1,,"T1 2026-08-10, OPEN mark 42.42",Industrials,,,BEAR,COUNTER,25,
BZ=F,2026-06-27,BUTTERFLY,LONG,C-,71.4,60.69,109.17,131.0,157.2,6.38,PARTIAL_WIN,2.731,3.122,0.213,2026-06-30,72.69999694824219,True,True,False,False,False,NO,1,,"T1 2026-09-11, OPEN mark 104.61",Unknown / Other,,,BEAR,COUNTER,51,
CD,2026-06-27,BAT,LONG,C-,4.25,3.61,6.18,7.65,9.9,6.64,FULL_LOSS,-1.006,0.734,1.016,2026-07-01,4.25,False,False,False,False,True,NO,1,,SL 2026-07-08,Financial Services,,,BEAR,COUNTER,,4
CG,2026-06-27,BUTTERFLY,LONG,A-,40.47,34.4,60.65,72.78,87.34,6.12,OPEN,0.308,1.926,0.143,2026-06-29,40.47,False,False,False,False,False,NO,1,,OPEN mark 42.34,Financial Services,,,BEAR,COUNTER,,
CIFR,2026-06-27,BUTTERFLY,SHORT,C-,30.14,34.66,22.3,16.64,13.22,3.11,NO_VALID_ENTRY,,,,,,False,False,False,False,False,NO,1,,Not filled in 7 sessions,Technology,,,BEAR,COUNTER,,
CLNE,2026-06-27,GARTLEY,LONG,C-,1.66,1.41,2.56,3.09,4.01,7.16,NO_VALID_ENTRY,,,,,,False,False,False,False,False,NO,1,,Not filled in 7 sessions,Energy,,,BEAR,COUNTER,,
EGAN,2026-06-27,BAT,LONG,C-,6.09,5.18,9.01,11.0,14.21,6.7,NO_VALID_ENTRY,,,,,,False,False,False,False,False,NO,1,,Not filled in 7 sessions,Technology,,,BEAR,COUNTER,,
ESQ,2026-06-27,5-0,SHORT,C-,119.81,137.78,102.79,81.27,35.33,3.18,OPEN,-0.068,0.43,0.837,2026-06-29,118.55000305175781,True,False,False,False,False,NO,1,,OPEN mark 119.86,Financial Services,,,BEAR,COUNTER,,
FANG,2026-06-27,GARTLEY,LONG,C-,179.35,152.45,313.87,538.06,896.77,18.33,OPEN,0.889,1.318,0.365,2026-06-29,180.25999450683594,True,False,False,False,False,NO,1,,OPEN mark 204.97,Energy,,,BEAR,COUNTER,,
GASS,2026-06-27,BUTTERFLY,LONG,C+,7.96,6.77,11.74,14.19,17.31,6.11,OPEN,1.227,1.588,0.134,2026-06-30,7.96,False,False,False,False,False,NO,1,,OPEN mark 9.42,Industrials,,,BEAR,COUNTER,,
GLPI,2026-06-27,SHARK,LONG,C-,44.12,37.5,77.21,132.36,220.6,18.33,OPEN,-0.586,0.379,0.621,2026-07-01,44.12,False,False,False,False,False,NO,1,,OPEN mark 40.24,Real Estate,,,BEAR,WITH,,
HG=F,2026-06-27,BUTTERFLY,LONG,C+,5.93,5.04,10.37,17.79,29.64,18.33,NO_VALID_ENTRY,,,,,,False,False,False,False,False,NO,1,,Not filled in 7 sessions,Unknown / Other,,,BEAR,WITH,,
INDA,2026-06-27,SHARK,SHORT,C-,50.02,54.65,43.74,32.7,20.16,4.62,OPEN,0.095,0.277,0.274,2026-06-29,49.099998474121094,True,False,False,False,False,NO,1,,OPEN mark 48.57,Unknown / Other,,,BEAR,WITH,,
IPX,2026-06-27,SHARK,LONG,C-,25.3,21.5,38.13,49.57,61.17,7.32,FULL_LOSS,-1.008,0.926,1.185,2026-07-08,24.200000762939453,False,False,False,False,True,NO,1,,SL 2026-07-24,Basic Materials,,,BEAR,COUNTER,,12
KMB,2026-06-27,BAT,SHORT,C-,109.91,126.4,91.27,60.59,47.97,3.0,OPEN,0.713,0.765,0.419,2026-06-29,109.91,False,False,False,False,False,NO,1,,OPEN mark 98.15,Consumer Defensive,,,BEAR,COUNTER,,
MIRM,2026-06-27,CRAB,SHORT,B-,124.43,143.09,103.05,77.99,48.85,3.0,PARTIAL_WIN,1.352,1.905,0.298,2026-06-29,124.43,False,True,False,False,False,NO,1,,"T1 2026-08-03, OPEN mark 98.22",Healthcare,,,BEAR,COUNTER,24,
MLCO,2026-06-27,BAT,LONG,C-,5.07,4.31,7.43,9.02,11.0,6.08,NO_VALID_ENTRY,,,,,,False,False,False,False,False,NO,1,,Not filled in 7 sessions,Consumer Cyclical,,,BEAR,WITH,,
MNPR,2026-06-27,SHARK,SHORT,C-,94.83,104.5,79.17,57.75,38.47,4.39,FULL_LOSS,-1.011,0.882,1.835,2026-06-29,94.83,False,False,False,False,True,NO,1,,SL 2026-07-09,Healthcare,,,BEAR,COUNTER,,7
MPLT,2026-06-27,BUTTERFLY,SHORT,C-,34.37,39.53,26.46,18.43,14.74,3.14,FULL_LOSS,-1.008,0.377,1.074,2026-06-29,34.37,False,False,False,False,True,NO,1,,SL 2026-07-09,Healthcare,,,BEAR,COUNTER,,7
MZTI,2026-06-27,5-0,SHORT,C-,116.86,131.74,97.53,54.28,43.42,3.99,OPEN,0.641,0.87,0.363,2026-06-29,114.87000274658203,True,False,False,False,False,NO,1,,OPEN mark 104.05,Consumer Defensive,,,BEAR,WITH,,
OCUL,2026-06-27,GARTLEY,SHORT,A-,10.62,11.49,8.76,6.96,5.14,4.82,NO_VALID_ENTRY,,,,,,False,False,False,False,False,YES,2,2026-08-02,Not filled in 7 sessions,Healthcare,,,BEAR,COUNTER,,
PHVS,2026-06-27,5-0,SHORT,C-,35.33,40.62,29.63,23.1,8.9,3.4,FULL_LOSS,-1.008,0.722,1.497,2026-06-30,35.33,False,False,False,False,True,NO,1,,SL 2026-09-08,Healthcare,,,BEAR,COUNTER,,48
POET,2026-06-27,GARTLEY,LONG,C+,9.3,7.91,13.32,16.53,20.91,6.29,FULL_LOSS,-1.006,0.777,1.065,2026-06-29,9.3,False,False,False,False,True,NO,1,,SL 2026-07-13,Technology,,,BEAR,COUNTER,,9
PPTA,2026-06-27,BUTTERFLY,LONG,B+,20.37,17.31,29.94,37.37,44.84,6.3,FULL_LOSS,-1.006,0.653,1.095,2026-06-29,20.37,False,False,False,False,True,YES,2,2026-07-21,SL 2026-07-16,Basic Materials,,,BEAR,COUNTER,,12
PRCT,2026-06-27,5-0,LONG,C-,19.92,16.93,29.39,35.95,43.65,6.22,FULL_LOSS,-1.006,0.548,1.089,2026-07-08,19.92,False,False,False,False,True,NO,1,,SL 2026-07-24,Healthcare,,,BEAR,COUNTER,,12
PSNY,2026-06-27,GARTLEY,LONG,C-,16.93,14.39,24.39,33.11,42.88,7.61,FULL_LOSS,-1.006,1.587,1.077,2026-06-29,16.93,False,False,False,False,True,YES,2,2026-07-21,SL 2026-07-17,Consumer Cyclical,,,BEAR,COUNTER,,13
QUIK,2026-06-27,SHARK,LONG,C-,17.15,14.58,24.8,64.61,86.34,19.58,FULL_LOSS,-1.006,0.358,1.051,2026-07-02,17.15,False,False,False,False,True,YES,2,2026-07-21,SL 2026-07-07,Technology,,,BEAR,COUNTER,,2
RR,2026-06-27,GARTLEY,LONG,B,1.81,1.54,2.61,3.46,4.16,6.73,FULL_LOSS,-1.006,0.154,1.038,2026-07-08,1.7999999523162842,False,False,False,False,True,NO,1,,SL 2026-07-17,Industrials,,,BEAR,COUNTER,,7
RUM,2026-06-27,GARTLEY,LONG,C+,5.83,5.04,8.61,10.55,13.47,7.37,NO_VALID_ENTRY,,,,,,False,False,False,False,False,NO,1,,Not filled in 7 sessions,Communication Services,,,BEAR,COUNTER,,
SHIP,2026-06-27,SHARK,LONG,C-,14.01,11.91,25.05,30.06,36.07,8.59,OPEN,2.11,2.498,0.388,2026-06-29,14.0,False,False,False,False,False,NO,1,,OPEN mark 18.41,Industrials,,,BEAR,WITH,,
SI=F,2026-06-27,5-0,LONG,C-,57.25,48.66,83.65,119.25,143.1,7.78,OPEN,0.85,1.619,0.26,2026-06-30,57.25,False,False,False,False,False,NO,1,,OPEN mark 64.554,Unknown / Other,,,BEAR,COUNTER,,
TARS,2026-06-27,BUTTERFLY,SHORT,C-,69.48,78.34,60.89,44.36,31.54,3.19,PARTIAL_WIN,-0.615,1.76,1.523,2026-07-07,69.48,False,True,False,False,True,NO,1,,"T1 2026-07-10, SL 2026-09-02",Healthcare,,,BEAR,COUNTER,3,41
TIP,2026-06-27,GARTLEY,LONG,A-,108.88,92.55,190.54,326.64,544.4,18.33,OPEN,-0.229,0.008,0.23,2026-06-29,109.77999877929688,True,False,False,False,False,YES,3,"2026-08-02, 2026-08-18",OPEN mark 105.84,Unknown / Other,,,BEAR,WITH,,
TSAT,2026-06-27,5-0,LONG,C-,40.8,34.68,61.49,79.9,95.88,7.09,NO_VALID_ENTRY,,,,,,False,False,False,False,False,NO,1,,Not filled in 7 sessions,Technology,,,BEAR,COUNTER,,
TYGO,2026-06-27,DEEP CRAB,LONG,C-,2.23,1.97,3.79,5.28,21.63,42.86,FULL_LOSS,-1.008,1.577,1.423,2026-06-29,2.23,False,False,False,False,True,NO,1,,SL 2026-07-07,Technology,,,BEAR,COUNTER,,5
UAL,2026-06-27,CRAB,SHORT,C-,138.44,159.21,113.14,86.18,40.38,3.36,PARTIAL_WIN,1.078,1.349,0.128,2026-06-29,135.77000427246094,True,True,False,False,False,NO,1,,"T1 2026-07-23, OPEN mark 109.82",Industrials,,,BEAR,COUNTER,17,
USO,2026-06-27,5-0,LONG,C-,104.07,88.46,151.32,236.23,283.48,8.89,PARTIAL_WIN,3.208,3.511,0.106,2026-07-01,104.07,False,True,False,False,False,NO,1,,"T1 2026-09-10, OPEN mark 154.9",Unknown / Other,,,BEAR,COUNTER,49,
VSTM,2026-06-27,BAT,LONG,C-,3.43,2.92,4.89,6.71,8.74,7.64,NO_VALID_ENTRY,,,,,,False,False,False,False,False,NO,1,,Not filled in 7 sessions,Healthcare,,,BEAR,COUNTER,,
WRD,2026-06-27,BUTTERFLY,LONG,C+,5.18,4.4,8.12,10.09,12.26,7.21,NO_VALID_ENTRY,,,,,,False,False,False,False,False,NO,1,,Not filled in 7 sessions,Technology,,,BEAR,COUNTER,,
WSBC,2026-06-27,CRAB,SHORT,C-,39.25,45.14,32.87,24.5,14.82,3.04,OPEN,-0.245,0.053,0.677,2026-06-29,38.56999969482422,True,False,False,False,False,NO,1,,OPEN mark 40.18,Financial Services,,,BEAR,COUNTER,,
Z,2026-06-27,5-0,LONG,C-,29.23,24.85,45.19,55.49,71.3,7.32,NO_VALID_ENTRY,,,,,,False,False,False,False,False,NO,1,,Not filled in 7 sessions,Communication Services,,,BEAR,COUNTER,,
ZG,2026-06-27,5-0,LONG,C-,29.03,24.68,42.0,50.83,64.56,6.18,NO_VALID_ENTRY,,,,,,False,False,False,False,False,NO,1,,Not filled in 7 sessions,Communication Services,,,BEAR,COUNTER,,
ADEA,2026-07-21,5-0,LONG,C-,24.37,20.71,42.65,73.11,121.85,18.33,OPEN,0.639,2.139,0.372,2026-07-28,24.37,False,False,False,False,False,NO,1,,OPEN mark 26.71,Technology,DOWN,False,SIDEWAYS,COUNTER,,
ALMU,2026-07-21,GARTLEY,LONG,C-,14.15,12.03,21.1,25.38,31.79,6.4,OPEN,-0.349,2.259,0.811,2026-07-24,14.15,False,False,False,False,False,NO,1,,OPEN mark 13.41,Technology,DOWN,False,SIDEWAYS,COUNTER,,
ANAB,2026-07-21,SHARK,LONG,C-,53.17,45.19,93.05,159.51,265.85,18.33,OPEN,0.145,0.995,0.298,2026-07-22,52.77000045776367,False,False,False,False,False,NO,1,,OPEN mark 53.87,Healthcare,MIXED,False,SIDEWAYS,COUNTER,,
APLD,2026-07-21,SHARK,LONG,C-,24.03,20.43,34.11,43.26,51.91,6.03,OPEN,0.664,2.503,0.306,2026-07-29,24.03,False,False,False,False,False,YES,2,2026-08-02,OPEN mark 26.42,Technology,DOWN,False,SIDEWAYS,COUNTER,,
ASPI,2026-07-21,BUTTERFLY,LONG,C+,3.61,3.07,5.45,6.91,8.32,6.86,OPEN,-0.556,1.639,0.574,2026-07-29,3.61,False,False,False,False,False,YES,2,2026-08-02,OPEN mark 3.31,Basic Materials,DOWN,False,SIDEWAYS,COUNTER,,
AUGO,2026-07-21,BUTTERFLY,LONG,C,48.05,40.84,74.34,92.89,111.47,7.0,NO_VALID_ENTRY,,,,,,False,False,False,False,False,NO,1,,Not filled in 7 sessions,Basic Materials,DOWN,False,SIDEWAYS,COUNTER,,
AVR,2026-07-21,5-0,LONG,C-,8.07,6.86,14.12,24.21,40.35,18.33,OPEN,0.231,1.678,0.285,2026-07-23,8.07,False,False,False,False,False,NO,1,,OPEN mark 8.35,Healthcare,MIXED,False,SIDEWAYS,COUNTER,,
BEAM,2026-07-21,5-0,LONG,C-,27.1,23.04,40.69,50.41,63.77,6.9,OPEN,-0.755,1.175,0.765,2026-07-22,26.920000076293945,False,False,False,False,False,NO,1,,OPEN mark 23.99,Healthcare,MIXED,False,SIDEWAYS,COUNTER,,
CDZI,2026-07-21,GARTLEY,LONG,C-,3.29,2.93,4.7,5.79,7.18,8.23,FULL_LOSS,-1.008,0.316,1.026,2026-07-22,3.309999942779541,True,False,False,False,True,YES,2,2026-08-02,SL 2026-07-27,Utilities,MIXED,False,SIDEWAYS,COUNTER,,3
CENX,2026-07-21,5-0,LONG,C-,40.76,34.65,62.9,75.48,90.58,6.5,NO_VALID_ENTRY,,,,,,False,False,False,False,False,NO,1,,Not filled in 7 sessions,Basic Materials,DOWN,False,SIDEWAYS,COUNTER,,
FAS,2026-07-21,BAT,SHORT,C-,174.79,201.01,155.66,113.66,13.78,3.92,OPEN,0.034,0.29,0.475,2026-07-27,174.79,False,False,False,False,False,NO,1,,OPEN mark 173.91,Unknown / Other,,,SIDEWAYS,COUNTER,,
FEIM,2026-07-21,SHARK,LONG,C-,49.22,41.84,74.01,88.81,106.57,6.16,NO_VALID_ENTRY,,,,,,False,False,False,False,False,NO,1,,Not filled in 7 sessions,Technology,DOWN,False,SIDEWAYS,WITH,,
FIBK,2026-07-21,GARTLEY,SHORT,C+,40.6,44.56,35.64,26.44,21.15,3.78,NO_VALID_ENTRY,,,,,,False,False,False,False,False,NO,1,,Not filled in 7 sessions,Financial Services,UP,False,SIDEWAYS,COUNTER,,
FLNC,2026-07-21,BAT,LONG,C,13.23,11.25,19.01,23.08,29.78,6.24,FULL_LOSS,-1.006,1.318,1.078,2026-07-27,13.23,False,False,False,False,True,NO,1,,SL 2026-08-20,Utilities,MIXED,False,SIDEWAYS,COUNTER,,18
FRME,2026-07-21,BUTTERFLY,SHORT,C,45.33,52.13,38.3,30.37,9.82,3.48,NO_VALID_ENTRY,,,,,,False,False,False,False,False,NO,1,,Not filled in 7 sessions,Financial Services,UP,False,SIDEWAYS,COUNTER,,
FWONA,2026-07-21,SHARK,SHORT,C-,94.06,108.17,79.74,28.46,22.58,4.13,OPEN,0.498,0.554,0.335,2026-07-29,94.06,False,False,False,False,False,YES,3,"2026-08-02, 2026-08-18",OPEN mark 87.03,Communication Services,,,SIDEWAYS,COUNTER,,
FWONK,2026-07-21,SHARK,SHORT,C-,102.74,118.15,90.39,68.32,21.0,3.48,OPEN,0.464,0.523,0.297,2026-07-29,102.74,False,False,False,False,False,NO,1,,OPEN mark 95.59,Communication Services,MIXED,False,SIDEWAYS,COUNTER,,
GILT,2026-07-21,BUTTERFLY,LONG,C-,10.91,9.27,15.31,20.3,24.37,6.37,OPEN,-0.622,0.866,0.939,2026-07-24,10.91,False,False,False,False,False,NO,1,,OPEN mark 9.89,Technology,DOWN,False,SIDEWAYS,COUNTER,,
GOSS,2026-07-21,5-0,LONG,C-,0.11,0.1,0.18,0.24,0.38,10.76,NO_VALID_ENTRY,,,,,,False,False,False,False,False,NO,1,,Not filled in 7 sessions,Healthcare,,,SIDEWAYS,COUNTER,,
IAI,2026-07-21,5-0,SHORT,C-,196.44,225.91,171.25,123.55,53.81,3.33,NO_VALID_ENTRY,,,,,,False,False,False,False,False,NO,1,,Not filled in 7 sessions,Unknown / Other,,,SIDEWAYS,WITH,,
INOD,2026-07-21,DEEP CRAB,LONG,C-,58.0,49.3,91.81,114.3,137.16,7.27,OPEN,-0.551,2.464,0.621,2026-07-24,58.0,False,False,False,False,False,NO,1,,OPEN mark 53.21,Technology,DOWN,False,SIDEWAYS,COUNTER,,
INV,2026-07-21,BAT,LONG,C-,3.35,3.0,4.82,5.79,7.16,8.52,FULL_LOSS,-1.009,0.771,1.086,2026-07-22,3.35,False,False,False,False,True,NO,1,,SL 2026-07-23,Financial Services,UP,True,SIDEWAYS,COUNTER,,1
IOVA,2026-07-21,GARTLEY,SHORT,C,5.13,5.63,4.32,3.33,2.45,4.08,FULL_LOSS,-1.043,3.077,1.077,2026-07-22,5.5,False,False,False,False,True,NO,1,,SL 2026-07-22,Healthcare,MIXED,False,SIDEWAYS,COUNTER,,0
JTAI,2026-07-21,BUTTERFLY,LONG,C,0.33,0.28,0.57,0.68,0.89,8.62,NO_VALID_ENTRY,,,,,,False,False,False,False,False,NO,1,,Not filled in 7 sessions,Technology,DOWN,False,SIDEWAYS,WITH,,
LTBR,2026-07-21,DEEP CRAB,LONG,C-,6.92,5.88,10.43,12.83,15.43,6.49,NO_VALID_ENTRY,,,,,,False,False,False,False,False,NO,1,,Not filled in 7 sessions,Industrials,MIXED,False,SIDEWAYS,COUNTER,,
MANH,2026-07-21,BUTTERFLY,SHORT,C-,166.56,191.54,139.37,64.53,51.62,3.74,FULL_LOSS,-1.008,0.16,1.939,2026-07-28,166.56,False,False,False,False,True,NO,1,,SL 2026-07-29,Technology,DOWN,True,SIDEWAYS,COUNTER,,1
MTCH,2026-07-21,5-0,SHORT,C-,41.03,47.18,34.22,10.87,8.08,4.37,NO_VALID_ENTRY,,,,,,False,False,False,False,False,NO,1,,Not filled in 7 sessions,Communication Services,MIXED,False,SIDEWAYS,COUNTER,,
NNE,2026-07-21,BUTTERFLY,LONG,C,15.44,13.12,22.8,27.5,35.22,6.47,OPEN,0.418,2.453,0.315,2026-07-28,15.44,False,False,False,False,False,YES,2,2026-08-02,OPEN mark 16.41,Industrials,MIXED,False,SIDEWAYS,COUNTER,,
NVTS,2026-07-21,BAT,LONG,C-,10.74,9.25,15.14,19.67,23.96,6.82,OPEN,2.902,8.344,0.23,2026-07-29,9.859999656677246,False,False,False,False,False,NO,1,,OPEN mark 11.63,Technology,DOWN,False,SIDEWAYS,COUNTER,,
ORBS,2026-07-21,BUTTERFLY,LONG,C,0.57,0.49,0.88,1.11,1.37,7.28,PARTIAL_WIN,5.312,7.875,0.025,2026-07-29,0.57,False,True,True,False,False,NO,1,,"T1 2026-08-21, T2 2026-09-08, OPEN mark 0.973",Consumer Cyclical,,,SIDEWAYS,COUNTER,17,
PLPC,2026-07-21,5-0,LONG,C-,314.58,267.39,550.51,943.74,1572.9,18.33,OPEN,1.941,3.47,0.799,2026-07-23,320.4800109863281,True,False,False,False,False,NO,1,,OPEN mark 423.54,Industrials,MIXED,False,SIDEWAYS,COUNTER,,
PLXS,2026-07-21,5-0,LONG,C-,238.11,202.39,416.69,714.33,1190.55,18.33,OPEN,0.482,1.677,0.227,2026-07-29,238.11,False,False,False,False,False,NO,1,,OPEN mark 255.34,Technology,DOWN,False,SIDEWAYS,COUNTER,,
PRGS,2026-07-21,BAT,SHORT,C,41.19,47.37,35.59,27.9,6.35,3.65,OPEN,0.206,0.333,0.837,2026-07-28,41.19,False,False,False,False,False,NO,1,,OPEN mark 39.92,Technology,DOWN,True,SIDEWAYS,COUNTER,,
PSIX,2026-07-21,GARTLEY,LONG,C-,29.56,25.13,43.92,56.68,68.33,6.85,PARTIAL_WIN,2.913,3.298,0.966,2026-07-27,29.56,False,True,False,False,False,YES,2,2026-08-02,"T1 2026-08-10, OPEN mark 42.11",Industrials,MIXED,False,SIDEWAYS,COUNTER,10,
PTON,2026-07-21,SHARK,SHORT,C-,6.44,7.05,5.41,4.15,3.32,3.99,PARTIAL_WIN,1.827,2.021,0.549,2026-07-22,6.340000152587891,True,True,False,False,False,NO,1,,"T1 2026-08-10, OPEN mark 4.95",Consumer Cyclical,,,SIDEWAYS,COUNTER,13,
QNST,2026-07-21,BAT,SHORT,C-,18.02,19.46,15.43,11.34,8.34,5.1,NO_VALID_ENTRY,,,,,,False,False,False,False,False,NO,1,,Not filled in 7 sessions,Communication Services,MIXED,False,SIDEWAYS,COUNTER,,
REMX,2026-07-21,BUTTERFLY,LONG,C-,69.49,59.07,107.94,129.53,155.44,6.59,OPEN,0.103,1.095,0.521,2026-07-23,69.49,False,False,False,False,False,NO,1,,OPEN mark 70.56,Unknown / Other,,,SIDEWAYS,COUNTER,,
ROBO,2026-07-21,BUTTERFLY,LONG,B+,76.64,65.14,134.12,229.92,383.2,18.33,OPEN,0.215,0.767,0.105,2026-07-28,76.64,False,False,False,False,False,NO,1,,OPEN mark 79.11,Unknown / Other,,,SIDEWAYS,COUNTER,,
SFM,2026-07-21,GARTLEY,LONG,C-,72.19,61.36,114.25,140.07,168.08,7.08,OPEN,0.053,1.951,0.202,2026-07-22,72.19,False,False,False,False,False,NO,1,,OPEN mark 72.76,Consumer Defensive,MIXED,False,SIDEWAYS,COUNTER,,
SLNH,2026-07-21,GARTLEY,LONG,C-,1.03,0.91,1.55,1.88,2.33,8.38,NO_VALID_ENTRY,,,,,,False,False,False,False,False,NO,1,,Not filled in 7 sessions,Financial Services,UP,True,SIDEWAYS,COUNTER,,
STIM,2026-07-21,BAT,SHORT,B,2.33,2.68,1.98,1.46,0.78,3.16,NO_VALID_ENTRY,,,,,,False,False,False,False,False,NO,1,,Not filled in 7 sessions,Healthcare,MIXED,False,SIDEWAYS,COUNTER,,
STRL,2026-07-21,BUTTERFLY,LONG,B,593.62,504.58,910.52,1092.62,1311.15,6.42,FULL_LOSS,-1.006,0.094,1.133,2026-07-28,593.62,False,False,False,False,True,NO,1,,SL 2026-07-29,Industrials,MIXED,False,SIDEWAYS,COUNTER,,1
SWKS,2026-07-21,BAT,LONG,C+,55.43,47.12,83.21,103.02,139.41,7.44,NO_VALID_ENTRY,,,,,,False,False,False,False,False,NO,1,,Not filled in 7 sessions,Technology,DOWN,False,SIDEWAYS,COUNTER,,
TMC,2026-07-21,5-0,LONG,C-,3.57,3.03,5.31,6.68,8.09,6.61,PARTIAL_WIN,1.183,3.352,0.315,2026-07-28,3.57,False,True,False,False,False,NO,1,,"T1 2026-08-28, OPEN mark 3.935",Basic Materials,DOWN,False,SIDEWAYS,COUNTER,23,
WATT,2026-07-21,DEEP CRAB,LONG,C-,14.23,12.1,20.48,26.42,32.38,6.55,FULL_LOSS,-1.006,2.709,1.16,2026-07-27,14.23,False,False,False,False,True,NO,1,,SL 2026-08-20,Technology,DOWN,False,SIDEWAYS,COUNTER,,18
ZW=F,2026-07-21,CRAB,SHORT,C-,698.25,777.88,627.01,470.63,376.51,3.06,PARTIAL_WIN,0.089,0.898,0.973,2026-07-22,698.25,False,True,False,False,False,NO,1,,"T1 2026-08-06, OPEN mark 707",Unknown / Other,,,SIDEWAYS,COUNTER,11,
ACDC,2026-08-02,SHARK,LONG,C-,3.55,3.02,5.13,6.35,7.69,6.06,PARTIAL_WIN,3.1,4.019,0.075,2026-08-06,3.55,False,True,False,False,False,NO,1,,"T1 2026-08-10, OPEN mark 5.21",No Meaningful ETF,N/A,False,SIDEWAYS,COUNTER,2,
ALM,2026-08-02,BUTTERFLY,LONG,C-,10.74,9.13,15.1,19.64,24.14,6.36,NO_VALID_ENTRY,,,,,,False,False,False,False,False,NO,1,,Not filled in 7 sessions,No Meaningful ETF,N/A,False,SIDEWAYS,COUNTER,,
AXSM,2026-08-02,BAT,LONG,C-,217.64,184.99,380.87,652.92,1088.2,18.33,OPEN,0.212,0.513,0.591,2026-08-05,214.49000549316406,False,False,False,False,False,NO,1,,OPEN mark 220.75,Biotechnology,MIXED,False,SIDEWAYS,COUNTER,,
CMPR,2026-08-02,BAT,LONG,C-,82.0,69.7,122.19,167.7,201.24,7.59,NO_VALID_ENTRY,,,,,,False,False,False,False,False,NO,1,,Not filled in 7 sessions,No Meaningful ETF,N/A,False,SIDEWAYS,WITH,,
CRDO,2026-08-02,BUTTERFLY,LONG,C-,177.0,150.45,280.09,336.1,403.32,6.84,NO_VALID_ENTRY,,,,,,False,False,False,False,False,NO,1,,Not filled in 7 sessions,Semiconductors,DOWN,False,SIDEWAYS,COUNTER,,
CZWI,2026-08-02,BAT,LONG,C-,20.52,17.44,35.91,61.56,102.6,18.33,OPEN,1.552,2.77,0.0,2026-08-10,19.18000030517578,False,False,False,False,False,NO,1,,OPEN mark 21.88,No Meaningful ETF,N/A,False,SIDEWAYS,COUNTER,,
DUOT,2026-08-02,BAT,LONG,C-,7.46,6.34,11.3,15.28,18.34,7.64,NO_VALID_ENTRY,,,,,,False,False,False,False,False,NO,1,,Not filled in 7 sessions,Data Centers & Digital Infrastructure,DOWN,False,SIDEWAYS,COUNTER,,
FDMT,2026-08-02,GARTLEY,LONG,C-,9.39,8.0,13.7,17.12,21.38,6.62,NO_VALID_ENTRY,,,,,,False,False,False,False,False,NO,1,,Not filled in 7 sessions,Biotechnology,MIXED,False,SIDEWAYS,COUNTER,,
FTRE,2026-08-02,BUTTERFLY,SHORT,C-,21.39,23.65,19.16,14.15,10.11,3.65,NO_VALID_ENTRY,,,,,,False,False,False,False,False,NO,1,,Not filled in 7 sessions,Biotechnology,MIXED,False,SIDEWAYS,COUNTER,,
HLIT,2026-08-02,BUTTERFLY,LONG,C-,10.45,8.88,15.49,28.45,35.66,12.13,NO_VALID_ENTRY,,,,,,False,False,False,False,False,NO,1,,Not filled in 7 sessions,No Meaningful ETF,N/A,False,SIDEWAYS,COUNTER,,
INVZ,2026-08-02,DEEP CRAB,LONG,C-,0.38,0.32,0.66,0.86,1.07,9.72,FULL_LOSS,-1.005,1.5,1.0,2026-08-04,0.38,False,False,False,False,True,NO,1,,SL 2026-09-01,No Meaningful ETF,N/A,False,SIDEWAYS,COUNTER,,20
KRNT,2026-08-02,BAT,LONG,B,14.36,12.21,21.95,29.13,37.46,8.12,NO_VALID_ENTRY,,,,,,False,False,False,False,False,NO,1,,Not filled in 7 sessions,No Meaningful ETF,N/A,False,SIDEWAYS,WITH,,
LAES,2026-08-02,BAT,LONG,B-,2.22,1.89,3.39,4.38,5.29,7.25,NO_VALID_ENTRY,,,,,,False,False,False,False,False,NO,1,,Not filled in 7 sessions,Space & Satellite Technology,DOWN,False,SIDEWAYS,COUNTER,,
MVBF,2026-08-02,GARTLEY,SHORT,C-,31.99,36.79,27.27,21.03,9.39,3.24,NO_VALID_ENTRY,,,,,,False,False,False,False,False,NO,1,,Not filled in 7 sessions,No Meaningful ETF,N/A,False,SIDEWAYS,WITH,,
NG=F,2026-08-02,SHARK,LONG,C-,2.62,2.23,3.93,4.8,5.77,6.34,OPEN,0.541,1.041,0.01,2026-08-06,2.62,False,False,False,False,False,NO,1,,OPEN mark 2.831,No Meaningful ETF,N/A,False,SIDEWAYS,COUNTER,,
NOVT,2026-08-02,BUTTERFLY,LONG,B-,135.9,115.52,237.83,407.7,679.5,18.33,NO_VALID_ENTRY,,,,,,False,False,False,False,False,NO,1,,Not filled in 7 sessions,No Meaningful ETF,N/A,False,SIDEWAYS,COUNTER,,
PBW,2026-08-02,DEEP CRAB,LONG,C-,29.82,25.35,45.71,55.55,74.3,7.41,NO_VALID_ENTRY,,,,,,False,False,False,False,False,NO,1,,Not filled in 7 sessions,ETF,DOWN,False,SIDEWAYS,COUNTER,,
QQQX,2026-08-02,SHARK,LONG,C-,28.72,24.41,50.26,86.16,143.6,18.33,NO_VALID_ENTRY,,,,,,False,False,False,False,False,NO,1,,Not filled in 7 sessions,No Meaningful ETF,N/A,False,SIDEWAYS,WITH,,
QS,2026-08-02,DEEP CRAB,LONG,C-,4.77,4.05,7.08,9.59,11.66,7.48,NO_VALID_ENTRY,,,,,,False,False,False,False,False,NO,1,,Not filled in 7 sessions,No Meaningful ETF,N/A,False,SIDEWAYS,COUNTER,,
QSI,2026-08-02,BUTTERFLY,LONG,C-,0.69,0.61,1.01,1.29,1.56,8.72,NO_VALID_ENTRY,,,,,,False,False,False,False,False,NO,1,,Not filled in 7 sessions,Health Care Equipment,UP,True,SIDEWAYS,COUNTER,,
REFI,2026-08-02,DEEP CRAB,LONG,C-,9.69,8.24,14.59,19.61,23.53,7.48,OPEN,0.537,0.722,0.006,2026-08-03,9.859999656677246,True,False,False,False,False,NO,1,,OPEN mark 10.73,No Meaningful ETF,N/A,False,SIDEWAYS,COUNTER,,
SHAZ,2026-08-02,BUTTERFLY,LONG,B-,39.13,33.26,60.25,75.84,97.48,7.57,NO_VALID_ENTRY,,,,,,False,False,False,False,False,NO,1,,Not filled in 7 sessions,Data Centers & Digital Infrastructure,DOWN,False,SIDEWAYS,COUNTER,,
SKYW,2026-08-02,CRAB,SHORT,C-,114.27,131.41,97.72,75.32,38.49,3.09,PARTIAL_WIN,1.038,1.235,0.201,2026-08-04,114.27,False,True,False,False,False,NO,1,,"T1 2026-08-31, OPEN mark 96.14",No Meaningful ETF,N/A,False,SIDEWAYS,COUNTER,19,
SND,2026-08-02,GARTLEY,LONG,C-,4.06,3.65,5.79,7.44,9.43,9.86,NO_VALID_ENTRY,,,,,,False,False,False,False,False,NO,1,,Not filled in 7 sessions,No Meaningful ETF,N/A,False,SIDEWAYS,COUNTER,,
SSNC,2026-08-02,DEEP CRAB,SHORT,C-,80.0,88.79,66.54,48.88,32.56,4.07,OPEN,-0.031,0.207,0.564,2026-08-04,80.0,False,False,False,False,False,NO,1,,OPEN mark 80.27,No Meaningful ETF,N/A,False,SIDEWAYS,COUNTER,,
SUPN,2026-08-02,GARTLEY,LONG,B+,44.35,37.7,77.61,133.05,221.75,18.33,OPEN,-0.408,1.226,0.487,2026-08-03,44.35,False,False,False,False,False,NO,1,,OPEN mark 41.64,Biotechnology,MIXED,False,SIDEWAYS,COUNTER,,
SYNA,2026-08-02,BUTTERFLY,LONG,C-,103.51,87.98,181.14,310.53,517.55,18.33,OPEN,-0.207,0.542,0.81,2026-08-03,104.44000244140625,True,False,False,False,False,NO,1,,OPEN mark 101.03,Semiconductors,DOWN,False,SIDEWAYS,COUNTER,,
TRI,2026-08-02,SHARK,SHORT,C-,108.29,124.53,96.24,48.65,38.92,3.39,PARTIAL_WIN,0.686,0.778,0.318,2026-08-04,108.29,False,True,False,False,False,NO,1,,"T1 2026-09-10, OPEN mark 97.35",No Meaningful ETF,N/A,False,SIDEWAYS,COUNTER,26,
TSSI,2026-08-02,BUTTERFLY,LONG,C-,8.66,7.36,12.67,15.44,19.38,6.31,NO_VALID_ENTRY,,,,,,False,False,False,False,False,NO,1,,Not filled in 7 sessions,No Meaningful ETF,N/A,False,SIDEWAYS,COUNTER,,
USAU,2026-08-02,DEEP CRAB,LONG,C-,12.23,10.4,17.93,23.08,32.1,7.81,NO_VALID_ENTRY,,,,,,False,False,False,False,False,NO,1,,Not filled in 7 sessions,No Meaningful ETF,N/A,False,SIDEWAYS,COUNTER,,
WBTN,2026-08-02,BAT,LONG,C-,8.81,7.49,13.08,17.41,21.16,7.27,OPEN,1.492,1.735,0.727,2026-08-06,8.81,False,False,False,False,False,NO,1,,OPEN mark 10.78,No Meaningful ETF,N/A,False,SIDEWAYS,COUNTER,,
WETO,2026-08-02,BUTTERFLY,LONG,C-,0.03,0.02,0.53,0.7,0.86,177.79,NO_VALID_ENTRY,,,,,,False,False,False,False,False,NO,1,,Not filled in 7 sessions,No Meaningful ETF,N/A,False,SIDEWAYS,COUNTER,,
WOOF,2026-08-02,GARTLEY,SHORT,C-,2.87,3.21,2.36,1.89,1.51,3.12,FULL_LOSS,-1.009,1.088,1.029,2026-08-03,2.87,False,False,False,False,True,NO,1,,SL 2026-09-03,No Meaningful ETF,N/A,False,SIDEWAYS,COUNTER,,23
EXE,2026-08-18,SHARK,SHORT,C-,98.88,107.28,88.3,60.15,48.12,4.65,NO_VALID_ENTRY,,,,,,False,False,False,False,False,NO,1,,Not filled in 7 sessions,No Meaningful ETF,N/A,False,SIDEWAYS,COUNTER,,
JRVR,2026-08-18,BAT,LONG,B-,3.88,3.3,5.74,7.2,8.88,6.63,NO_VALID_ENTRY,,,,,,False,False,False,False,False,NO,1,,Not filled in 7 sessions,No Meaningful ETF,N/A,False,SIDEWAYS,COUNTER,,
KMDA,2026-08-18,BAT,LONG,C,6.85,5.82,9.95,12.05,15.1,6.14,NO_VALID_ENTRY,,,,,,False,False,False,False,False,NO,1,,Not filled in 7 sessions,Biotechnology,UP,True,SIDEWAYS,WITH,,
LQD,2026-08-18,GARTLEY,LONG,C-,105.67,89.82,184.92,317.01,528.35,18.33,OPEN,-0.133,0.025,0.133,2026-08-19,106.54000091552734,True,False,False,False,False,NO,1,,OPEN mark 104.32,ETF,DOWN,False,SIDEWAYS,WITH,,
MQ,2026-08-18,SHARK,LONG,C-,15.28,12.99,22.14,26.57,37.91,7.01,NO_VALID_ENTRY,,,,,,False,False,False,False,False,NO,1,,Not filled in 7 sessions,No Meaningful ETF,N/A,False,SIDEWAYS,COUNTER,,
NPCE,2026-08-18,5-0,LONG,C-,15.38,13.07,23.21,27.85,33.42,6.21,NO_VALID_ENTRY,,,,,,False,False,False,False,False,NO,1,,Not filled in 7 sessions,Health Care Equipment,UP,True,SIDEWAYS,COUNTER,,
PRTH,2026-08-18,BUTTERFLY,LONG,B-,5.1,4.33,7.57,11.18,13.42,8.47,NO_VALID_ENTRY,,,,,,False,False,False,False,False,NO,1,,Not filled in 7 sessions,No Meaningful ETF,N/A,False,SIDEWAYS,COUNTER,,
SCHH,2026-08-18,SHARK,LONG,C-,23.52,20.81,41.16,70.56,117.6,23.85,OPEN,-0.244,0.095,0.307,2026-08-19,23.969999313354492,True,False,False,False,False,NO,1,,OPEN mark 23.2,ETF,MIXED,False,SIDEWAYS,WITH,,
STNE,2026-08-18,BAT,LONG,C-,9.38,7.97,14.03,17.18,28.52,9.12,OPEN,0.651,1.194,0.085,2026-08-19,9.260000228881836,False,False,False,False,False,NO,1,,OPEN mark 10.1,No Meaningful ETF,N/A,False,SIDEWAYS,COUNTER,,
SVRA,2026-08-18,GARTLEY,LONG,C-,5.14,4.37,8.99,15.42,25.7,18.33,NO_VALID_ENTRY,,,,,,False,False,False,False,False,NO,1,,Not filled in 7 sessions,Biotechnology,UP,True,SIDEWAYS,COUNTER,,
TRUP,2026-08-18,BUTTERFLY,SHORT,C,31.41,34.42,27.13,19.84,15.87,4.03,PARTIAL_WIN,2.015,2.296,0.226,2026-08-19,31.41,False,True,False,False,False,NO,1,,"T1 2026-09-08, OPEN mark 24.89",No Meaningful ETF,N/A,False,SIDEWAYS,COUNTER,13,
WYFI,2026-08-18,BUTTERFLY,SHORT,C,32.36,37.21,23.66,18.21,14.04,3.12,NO_VALID_ENTRY,,,,,,False,False,False,False,False,NO,1,,Not filled in 7 sessions,Data Centers & Digital Infrastructure,MIXED,False,SIDEWAYS,WITH,,
